,node3-node1,node3-node2,node3-node4,node4-node1,node4-node3,node4-node5,node2-node1,node2-node3,node2-node5,node1-node2,node1-node3,node1-node4,node1-node5,node5-node1,node5-node2,node5-node4
s1,-0.35609520195121824,-0.8290827056497663,-4.263453438293005,0.5178284912067848,1.5269494076898675,0.05234606609016281,2.1225077417227123,1.2179012356180066,0.8931211305266461,-1.8314322252137816,-4.26898952938216,2.1188311289276758,4.575539018739757,0.031791657398878716,0.01628949746788891,-0.07523653020234874
s2,0.4331228508943878,-0.19998528074118135,-1.1677293349767632,0.49452000290416,1.90813497144102,0.6030326437839573,0.43029147759102143,0.41877324971211277,-0.8406788888528279,5.602443281449575,1.8131544128909507,4.632450232087583,2.2788877326921186,0.2966249299455886,-0.036819822256097395,-0.8734419957529557
s3,-6.747154868787202,0.8207968448116635,1.3413924699889879,-3.683988809631533,1.393799252232114,0.3279614397128278,0.6519904900557125,0.04814681468547218,-0.129194171046513,0.5042658353359009,-0.14297355756584934,-0.05375760351801586,0.10505406719829821,-4.205557205830319,0.21872526178956436,0.20731530359646405
s4,-1.0892092842286683,0.371886096056668,-3.0718418296378425,0.6928474500968999,0.4202495444821185,-1.0621589819182569,2.1366741902693227,-0.8104661387500319,-0.9936360891672508,0.7401487211830472,-0.12013246414571367,0.4515284816137756,-2.3540438931139915,-0.2873539587164867,0.10539092091170323,-0.8999749652164096
s5,1.5314236442804567,1.1074241934202904,2.2048381480682395,-3.4788682541261178,2.330632477226076,2.167781657150452,0.8055168792591484,0.2421169918492028,0.12473853969467275,0.20549926531161467,0.005191081877270054,-0.041595143115001225,0.07672885528774315,1.5923783318002045,0.9981566965915134,2.301453640462859
s6,1.174443643919791,2.332711807877772,3.865864825014162,-1.5002820849793321,1.5402183794351714,0.3716215101111123,0.3391272862240531,0.0759799108800941,-0.004850941666493217,0.3910966019774241,-0.06073165607204069,-0.09138780098114058,0.027326954285393223,1.6278434461105142,0.09697931812256992,-1.633235837332134
s7,3.1205231408666476,0.9918354815626951,2.7231822688299707,1.152903880547553,3.8651199614638845,2.872896094464,0.8227274428249757,0.3259332671362501,0.09976324902881563,1.8543876428594261,0.2048318877483285,-0.889544166875686,0.5612696176433087,3.7283017101350047,0.9758256208639994,3.7987873704741015
s8,-1.3213242894664763,1.0145970109457176,1.5477066965644093,-2.416076766897656,1.8793889214073605,0.8631736370438862,1.1906751954042463,0.39796005100749837,0.1012047384579972,0.8654039716469872,-0.3369564984378143,-0.04688610200398542,0.10425509033157256,-1.0911656159087773,0.3823688754585691,0.832445257459198
s9,-2.855863599149162,0.9356411493376554,1.8016430803835253,-3.8683867610712848,0.724239399949164,0.42910594789901746,0.6778891366822233,0.12691828071569358,0.12590323778760187,0.5161015675595324,-0.13538881164702252,-0.03830385099524811,-0.19174786764238538,-1.8876696775824524,-0.1002400018522574,0.6664833854212409
s10,0.7040010293372048,-0.23039487604228165,-0.7683713624828239,-1.1406861831762407,-0.10257721320103641,0.07841934776672199,0.10446711409558111,-0.008569903038431791,0.0214967148553794,0.12360615025677661,0.0040436642966495216,-0.09710727481259372,0.04602251704440665,0.7247267269507703,0.20372771230486722,0.4843834316805919
s11,-2.17657393286329,1.69359805964796,3.424474675013138,-3.4137427994019816,1.290304577980028,0.7262862664087042,0.5038036826895486,0.11883004316392173,0.047619062230479056,0.18697329384604605,-0.03924247175561626,-0.15207587958096647,0.06055019849631747,-4.551342618764823,0.8462985130659784,2.7914434766248064
s12,0.643146919507864,0.01678323821481699,0.7984422931597382,0.24026305499988967,0.2919787424799454,0.0033866615984927237,0.044935713173913046,0.020871325557015614,0.010460466255911365,-0.011795083313041155,0.013349427177136861,0.0018946525127440286,-0.015713536704126098,0.34355706484555176,-0.004744766332932202,0.4672147263680634
s13,-3.4094319251498217,1.713441090565205,3.53348252353976,-4.652507630721188,1.5191260984229034,0.8256971814779979,0.6092037771073637,0.16611243717862834,0.05982844211185282,0.33690647260997497,-0.021075137033469565,-0.02503690062000926,-0.01716677065431514,0.00893785001365275,1.1414199803348999,3.6150038513743263
s14,-0.20059657311854512,0.9888352517504342,2.1459496335293866,-4.806873841483951,1.1591220722437905,0.8735960169210029,0.5526415597853793,0.20307584584717236,0.10507371569046181,0.0733467899242415,0.007940298732332603,-0.013030978528666625,0.020499834485042983,-0.9250626776047962,0.5443514296499873,1.6635814572682897
s15,-0.9156074641486567,0.5922072286011293,1.2421599334633642,-0.17696027777623385,-0.8602423558015222,0.7850102884546634,0.180332466768883,0.04462689305060404,0.009759146548880203,0.14657526533057,-0.010457585483064205,0.021947110940196246,-0.08823604667391878,-0.4199904015262774,0.08110441793991081,0.3788488254142517
s16,-1.1671022362207206,0.31960749688489626,0.6117301803994386,2.3399201904616387,-0.41069647769549067,0.9843699405019306,0.20641114891285392,0.03678615866851421,-0.008875958791414897,0.12258509716804723,0.0006901068379824846,0.047854761665895876,-0.09655587755087744,-0.33045312969449203,-0.008831549715439051,0.026789136800325946
s17,-0.6613289866075275,1.150440403802599,2.493881363323256,-6.048024728101373,1.4720427053102287,0.9166621453323205,0.12767280381917362,0.027007254342913862,0.027138348890532963,0.027132596392790215,-0.021853861353138885,-0.02757807633114659,0.0341848046162245,-2.613580813109798,0.53386806928773,2.1192531754359742
s18,-1.5752244522016687,1.2680610605386828,2.923181832069424,-5.167643012156377,1.6452414208662287,0.8863601518981394,0.22211907839219736,0.055697025150417606,0.019706485413935524,0.12682225941564712,-0.03327437750565023,0.015665289513749917,-0.017926671146450364,-3.6521914176403203,0.18058833805613464,1.8451047683774946
s19,-2.3834628569158856,1.7273970384419524,3.479988104756728,-4.18274962951355,1.283602241910554,0.765056507694408,0.1893574087126099,0.0411210408888031,0.017258313910159136,0.07568060277698031,-0.012009733314097513,-0.05447788242306744,0.021888380405561122,-4.3378474091016095,0.6825349871841753,2.4504615879355724
s20,-1.9088748383132734,0.8639988287381055,1.7175147072887649,-0.7011575111410939,2.2981857966238546,0.9918529667445762,0.044810308481722017,0.016192912758859593,0.005138032613078895,0.02410465177498323,-0.01003586532305079,0.0021795887404848784,-0.01613404677066993,-2.3757278667744175,-0.033256694448644604,1.1945691323132857
s21,-2.1304793949609873,1.5663326756438223,3.289469516957159,-6.550015646714793,1.3734603280170259,0.8257620438569547,0.08967886660271629,0.01884521452311531,0.007883691894639697,0.040982075509810784,-0.004208208184035895,-0.014593592642680914,-0.0007126614504205566,-4.589430915777046,0.6680640593647376,2.449940778116274
s22,-0.8132845517327092,1.32280848211909,2.77583067648941,-6.4848630600382275,1.1822117372437166,0.8761174769504534,0.1957247866787537,0.06023691498949808,0.022964363143095783,0.0325598153154983,0.004071081643899249,-0.007890280534576593,-0.01373974353261871,-1.4185114413184579,0.39321479653362584,1.680430110428764
s23,-2.0042077106181497,1.319498195866423,2.307718539067477,-3.99890925908336,1.1081602817254403,0.48086058594319925,0.12004531424664076,0.052209536306859636,0.010048593386916159,0.06219555405959964,-0.017926455229531103,-0.005938869219957114,-0.04014310828559686,-2.9481200310708577,-0.04352423707791872,1.2941520729241336
s24,-0.8667953562773649,2.3875678717963824,4.622484232428958,-4.755610885706451,1.8482122480934198,0.7344276359252346,0.19630820862606704,0.05258311996594466,0.0256381588024305,0.11112676233212342,-0.004702437991154814,-0.014557189547481607,-0.0151266747885504,-5.08848308585387,0.17569172904981487,2.2422596357743116
s25,-1.498857945360034,1.5410743723979419,3.186267858756333,-3.2834456809426507,1.3240809746597622,0.7321759999673213,0.16878445404490458,0.035687805931436285,0.02103008536968721,0.05888051974477762,-0.014666721549282061,-0.042171553588351854,0.020938567981777755,-3.4019078782506904,0.8146921885198319,2.8244133118545083
s26,-0.42647959844139866,2.5521921016001454,4.771982542585253,-3.99338794233937,1.7965424684010918,0.6892321330053924,0.2517184980674097,0.06422777908081852,0.0382497082213016,0.12977812235231959,-0.0029731674324508634,-0.01533833708688099,-0.021381101371636898,-7.5942183528214615,0.08728026286071197,1.924339073508192
s27,-3.8304359540652904,1.5476078589768278,3.5179854847147105,-6.037200339987511,2.008404644562383,0.7762688995007808,0.6517963468274777,0.1878886726091988,0.07438835131639747,0.37433639991924467,-0.03587012671300012,-0.04164087723802574,-0.06613682135096954,-2.543596359960732,-0.009515063656436928,1.3274351825519994
s28,1.197104930375533,1.156618470017344,2.526267742905044,-4.270006198910681,1.3598281782997135,1.1504345389149366,1.0015898618306378,0.26769364522245126,0.15764750300280095,0.18854122697339523,-0.035824288039889504,-0.027287275057655186,-0.042129436398059494,1.3880334784537776,1.0232817671871464,2.477947724902648
s29,-1.8239180204697927,1.3645706630497372,3.1751064587963973,-4.255541802532144,1.9214620898278822,1.0513796627640353,1.03135722339865,0.4401678533123124,0.06950755208885291,0.7371964158698389,0.03488099891582402,-0.20760243349551,-0.08061090470605324,-5.0410300359034075,0.5938243299091706,2.32928019398669
s30,-1.4514962247111243,1.4535818620927017,3.020949511573721,-0.3807316036492879,1.9473495041316764,1.3085276406333448,0.6444951980233049,0.21695020115631808,0.07186557254150162,0.3850463264290825,0.031633219235928704,0.04114000544757422,-0.04519287004459835,-0.9935639525265348,0.053334202648426435,1.1431925678241157
s31,-4.152717713408523,1.6142949375204196,2.7267967627258693,-2.6554002091668387,1.0480563938971335,0.37621247788854645,0.6592094278321712,0.17175164251514577,0.10524183778134105,0.5424729617374686,-0.19763364203017725,-0.1142079516852797,0.045584827513261206,6.321746112511111,0.8579673641206298,6.480925581834484
